Organization Name,Organization Name URL,Website,LinkedIn
Outreach,https://www.crunchbase.com/organization/outreach,https://www.outreach.io/,https://www.linkedin.com/company/outreach-saas/
DataRobot,https://www.crunchbase.com/organization/datarobot,http://datarobot.com,http://www.linkedin.com/company/datarobot
Olive,https://www.crunchbase.com/organization/olive-ai,https://www.oliveai.com,https://www.linkedin.com/company/hireolive/
Gong,https://www.crunchbase.com/organization/gong-io,https://www.gong.io/,https://www.linkedin.com/company/gong-io/
Automation Anywhere,https://www.crunchbase.com/organization/automation-anywhere,https://www.automationanywhere.com/,https://www.linkedin.com/company/automation-anywhere/
Eightfold,https://www.crunchbase.com/organization/eightfold,http://eightfold.ai,https://www.linkedin.com/company/eightfoldai
Deep Instinct,https://www.crunchbase.com/organization/deep-instinct,http://www.deepinstinct.com,https://www.linkedin.com/company/deep-instinct
Udacity,https://www.crunchbase.com/organization/udacity,https://www.udacity.com,https://www.linkedin.com/school/udacity
Verbit,https://www.crunchbase.com/organization/verbit-ai,https://verbit.ai,https://www.linkedin.com/company/verbit
Pony.ai,https://www.crunchbase.com/organization/pony-ai,https://www.pony.ai/,https://www.linkedin.com/company/pony-ai/
Sift,https://www.crunchbase.com/organization/sift-science,http://sift.com,https://www.linkedin.com/company/getsift
Primer,https://www.crunchbase.com/organization/primer-7cbe,https://primer.ai,https://www.linkedin.com/company/primer-ai
Innovaccer,https://www.crunchbase.com/organization/innovaccer,https://www.innovaccer.com,https://www.linkedin.com/company/innovaccer
Salt Security,https://www.crunchbase.com/organization/saltsecurity,https://salt.security,https://www.linkedin.com/company/saltsecurity
Relativity Space,https://www.crunchbase.com/organization/relativity-space,http://relativityspace.com,https://www.linkedin.com/company/relativity
Harness,https://www.crunchbase.com/organization/harness-512d,http://harness.io/,https://www.linkedin.com/company/harnessinc/
Cowbell Cyber,https://www.crunchbase.com/organization/cowbell-cyber-inc,https://cowbell.insure,https://www.linkedin.com/company/cowbell-cyber
Alation,https://www.crunchbase.com/organization/alation,http://alation.com,https://www.linkedin.com/company/alation
Hypersonix,https://www.crunchbase.com/organization/hypersonix-inc,http://www.hypersonix.ai,https://www.linkedin.com/company/hypersonix-ai
Intellimize,https://www.crunchbase.com/organization/intellimize,https://www.intellimize.com,https://www.linkedin.com/company/intellimize
Uniphore,https://www.crunchbase.com/organization/uniphore,http://uniphore.com,https://www.linkedin.com/company/uniphore/
Clari,https://www.crunchbase.com/organization/clari,http://www.clari.com,http://www.linkedin.com/company/clari
ASAPP,https://www.crunchbase.com/organization/asapp,http://www.asapp.com,https://www.linkedin.com/company/asappco
UserLeap,https://www.crunchbase.com/organization/userleap,https://userleap.com,https://www.linkedin.com/company/userleap
Vianai,https://www.crunchbase.com/organization/vianai,https://www.vian.ai/,https://www.linkedin.com/company/vianai/
Skydio,https://www.crunchbase.com/organization/skydio,https://www.skydio.com,https://www.linkedin.com/company/skydio
Morning Consult,https://www.crunchbase.com/organization/morning-consult,https://morningconsult.com/,https://www.linkedin.com/company/morning-consult/
TigerGraph,https://www.crunchbase.com/organization/tigergraph,http://www.tigergraph.com/,https://www.linkedin.com/company/tigergraph/
Tonal,https://www.crunchbase.com/organization/tonal,http://www.tonal.com,https://www.linkedin.com/company/tonal-strong/
Persefoni,https://www.crunchbase.com/organization/persefoni,https://www.persefoni.com/,https://www.linkedin.com/company/persefoni
Vectra,https://www.crunchbase.com/organization/vectra-networks,https://vectra.ai/,https://www.linkedin.com/company/vectra_ai
Corvus Insurance,https://www.crunchbase.com/organization/corvus-insurance,https://www.corvusinsurance.com/,https://www.linkedin.com/company/16190758/
Cleerly,https://www.crunchbase.com/organization/cleerly,https://cleerlyhealth.com/,https://www.linkedin.com/company/cleerlyhealth/
Evisort,https://www.crunchbase.com/organization/evisort,http://evisort.com,https://www.linkedin.com/company/evisort/
Lightmatter,https://www.crunchbase.com/organization/lightmatter-inc,https://lightmatter.co/,https://www.linkedin.com/company/18377405/
Orum.io,https://www.crunchbase.com/organization/orum-io,https://www.orum.io/,https://www.linkedin.com/company/helloorum
Icertis,https://www.crunchbase.com/organization/icertis,https://www.icertis.com,http://www.linkedin.com/company/icertis
Mythic,https://www.crunchbase.com/organization/isocline,https://www.mythic-ai.com/,https://www.linkedin.com/company/mythic-ai/
People.ai,https://www.crunchbase.com/organization/people-ai,https://people.ai/,https://www.linkedin.com/company/people.ai
Hungryroot,https://www.crunchbase.com/organization/reimagined,http://www.hungryroot.com,https://www.linkedin.com/company/hungryroot
Feedzai,https://www.crunchbase.com/organization/feedzai,http://www.feedzai.com,https://www.linkedin.com/company/feedzai
Amperity,https://www.crunchbase.com/organization/amperity,https://amperity.com/,https://www.linkedin.com/company/amperity
GumGum,https://www.crunchbase.com/organization/gumgum,https://gumgum.com/,https://www.linkedin.com/company/gumgum/
Hive,https://www.crunchbase.com/organization/hive-dc0c,https://thehive.ai/,https://www.linkedin.com/company/hiveai/
Crayon,https://www.crunchbase.com/organization/crayon-2,http://www.crayon.co,https://www.linkedin.com/company/crayon-co
Protenus,https://www.crunchbase.com/organization/protenus,https://www.protenus.com,http://www.linkedin.com/company/protenus
Petal,https://www.crunchbase.com/organization/petal,https://www.petalcard.com/,https://www.linkedin.com/company/petalcard/
Phenom People,https://www.crunchbase.com/organization/phenom-people,https://www.phenom.com/,https://www.linkedin.com/company/phenompeople
Nayya,https://www.crunchbase.com/organization/nayya,http://www.nayya.com,https://www.linkedin.com/company/nayya
Groq,https://www.crunchbase.com/organization/groq,http://groq.com/,https://www.linkedin.com/company/groq/
Highspot,https://www.crunchbase.com/organization/highspot-2,https://www.highspot.com,https://www.linkedin.com/company/highspot/
HighRadius,https://www.crunchbase.com/organization/highradius,https://www.highradius.com,https://www.linkedin.com/company/highradius
Vise,https://www.crunchbase.com/organization/vise-ai,https://vise.com,https://www.linkedin.com/company/viseinc
BigID,https://www.crunchbase.com/organization/bigid,https://www.bigid.com,https://www.linkedin.com/company/bigid
Tempo,https://www.crunchbase.com/organization/trainwithpivot,https://www.tempo.fit/,https://www.linkedin.com/company/tempofit/
Standard Cognition,https://www.crunchbase.com/organization/standard-cognition,https://standard.ai/,https://www.linkedin.com/company/standardcognition.com/
Bloomreach,https://www.crunchbase.com/organization/bloomreach,http://www.bloomreach.com,https://www.linkedin.com/company/bloomreach/
Yalo,https://www.crunchbase.com/organization/yalochat,https://www.yalochat.com/,https://www.linkedin.com/company/yalo
SafeGraph,https://www.crunchbase.com/organization/safegraph,http://www.safegraph.com/,https://www.linkedin.com/company/safegraph/
VAST Data,https://www.crunchbase.com/organization/vast-data,http://www.vastdata.com,https://www.linkedin.com/company/vast-data/
Blueshift,https://www.crunchbase.com/organization/blueshift-labs,http://www.blueshift.com,http://www.linkedin.com/company/blueshift-labs-inc-
Hydrosat,https://www.crunchbase.com/organization/hydrosat,http://www.hydrosat.com/,https://www.linkedin.com/company/27211003
Sentera,https://www.crunchbase.com/organization/sentera,https://sentera.com,https://www.linkedin.com/company/sentera/
Rescale,https://www.crunchbase.com/organization/rescale,http://www.rescale.com,http://www.linkedin.com/company/rescale
Viz,https://www.crunchbase.com/organization/viz,http://www.viz.ai/,https://www.linkedin.com/company/viz.ai
Kaia Health,https://www.crunchbase.com/organization/kaia-health,http://www.kaiahealth.com,https://www.linkedin.com/company/10578649
Globality,https://www.crunchbase.com/organization/globality-inc,http://www.globality.com/,https://www.linkedin.com/company/globality-inc-
Lexion,https://www.crunchbase.com/organization/lexion,https://lexion.ai/,https://www.linkedin.com/company/lexion-ai/
GoodTime.io,https://www.crunchbase.com/organization/goodtime-2,http://goodtime.io,https://www.linkedin.com/company/goodtime.io/
SuperAnnotate,https://www.crunchbase.com/organization/superannotate-ai,https://www.superannotate.ai/,https://www.linkedin.com/company/superannotate-ai/
Placer.ai,https://www.crunchbase.com/organization/placer,https://www.placer.ai/,https://www.linkedin.com/company/placer/
TytoCare,https://www.crunchbase.com/organization/tyto,http://www.tytocare.com,https://www.linkedin.com/company/tyto-care-ltd-
Snorkel AI,https://www.crunchbase.com/organization/snorkel-ai,https://www.snorkel.ai/,https://www.linkedin.com/company/snorkel-ai
Retina AI,https://www.crunchbase.com/organization/retina-ai,https://retina.ai,
VIA,https://www.crunchbase.com/organization/via-science,http://www.solvewithvia.com,https://www.linkedin.com/company/3056126?trk=prof-exp-company-name
Armorblox,https://www.crunchbase.com/organization/armorblox,https://www.armorblox.com,https://www.linkedin.com/company/armorbloxinc
Hugging Face,https://www.crunchbase.com/organization/hugging-face,https://huggingface.co/,https://www.linkedin.com/company/huggingface/
WorkFusion,https://www.crunchbase.com/organization/crowdcomputing-systems,http://www.workfusion.com/,http://www.linkedin.com/company/workfusion
Clarify Health Solutions,https://www.crunchbase.com/organization/clarify-health-solutions,http://www.clarifyhealth.com,https://www.linkedin.com/company/clarify-health-solutions/
LitLingo,https://www.crunchbase.com/organization/litlingo,https://www.litlingo.com/,https://www.linkedin.com/company/litlingo/
Solidus Labs,https://www.crunchbase.com/organization/solidus-labs,http://www.soliduslabs.com,https://www.linkedin.com/company/soliduslabs
AMP Robotics,https://www.crunchbase.com/organization/amp-robotics,http://amprobotics.com,https://www.linkedin.com/company/amp-robotics
Immunai,https://www.crunchbase.com/organization/immunai,https://www.immunai.com/,https://www.linkedin.com/company/immunai/
Enhatch,https://www.crunchbase.com/organization/enhatch,http://www.enhatch.com,http://www.linkedin.com/company/2864430
Weights & Biases,https://www.crunchbase.com/organization/weights-biases,https://www.wandb.ai,https://www.linkedin.com/company/weights-biases/
Shelf Engine,https://www.crunchbase.com/organization/shelf-engine,http://www.shelfengine.com/,https://www.linkedin.com/company/shelf-engine/
SetSail,https://www.crunchbase.com/organization/setsail,https://www.setsail.co,https://www.linkedin.com/company/setsail/
Krisp,https://www.crunchbase.com/organization/krisp-af3e,https://krisp.ai/,https://www.linkedin.com/company/krisphq/
Obviously AI,https://www.crunchbase.com/organization/obviously-ai,https://www.obviously.ai/,https://www.linkedin.com/company/obviously-ai
Legion Technologies,https://www.crunchbase.com/organization/legion,https://legion.co,https://www.linkedin.com/company/legionco
Boast.AI,https://www.crunchbase.com/organization/boast-capital,http://boast.ai,http://www.linkedin.com/company/boast-capital
AKASA,https://www.crunchbase.com/organization/alpha-health,https://akasa.com/,https://www.linkedin.com/company/akasahealth
Archipelago,https://www.crunchbase.com/organization/archipelago-analytics,https://www.onarchipelago.com/,https://www.linkedin.com/company/archipelago-analytics/
Nanit,https://www.crunchbase.com/organization/nanit,https://www.nanit.com/,https://www.linkedin.com/company/nanit/
ScienceLogic,https://www.crunchbase.com/organization/sciencelogic,http://www.sciencelogic.com,http://www.linkedin.com/company/sciencelogic
Caresyntax,https://www.crunchbase.com/organization/caresyntax,https://caresyntax.com/,https://www.linkedin.com/company/caresyntax
super.AI,https://www.crunchbase.com/organization/canotic,https://super.ai/,https://www.linkedin.com/company/mysuperai
Mycroft,https://www.crunchbase.com/organization/mycroft-ai-inc,http://mycroft.ai,https://www.linkedin.com/company/10255844
BrightHire,https://www.crunchbase.com/organization/brighthire,https://brighthire.ai/,https://www.linkedin.com/company/brighthire/
Climavision,https://www.crunchbase.com/organization/climavision,https://www.climavision.com/,https://www.linkedin.com/company/climavision/
TerraClear,https://www.crunchbase.com/organization/terraclear,https://www.terraclear.com,https://www.linkedin.com/company/terraclearinc
Dyno Therapeutics,https://www.crunchbase.com/organization/dyno-therapeutics,https://www.dynotx.com,https://www.linkedin.com/company/dynotx/
LeaseLock,https://www.crunchbase.com/organization/leaselock,http://www.leaselock.com,https://www.linkedin.com/company/leaselock/
SeekOut,https://www.crunchbase.com/organization/seekout,https://seekout.com,https://www.linkedin.com/company/seekout/about/
Imagen Technologies,https://www.crunchbase.com/organization/imagentechnologies,https://imagen.ai/,https://www.linkedin.com/company/imagen-technologies/
CLIPr,https://www.crunchbase.com/organization/clipr-7238,https://www.clipr.ai,https://www.linkedin.com/company/cliprai
Deepgram,https://www.crunchbase.com/organization/deepgram,https://deepgram.com/,https://www.linkedin.com/company/deepgram
Moveworks,https://www.crunchbase.com/organization/moveworks,https://www.moveworks.com/,https://www.linkedin.com/company/moveworksai/
Metropolis,https://www.crunchbase.com/organization/metropolis-db86,http://www.metropolis.io,https://www.linkedin.com/company/metropolisio/
SightCall,https://www.crunchbase.com/organization/sightcall,http://www.sightcall.com/,https://www.linkedin.com/company/sightcall
Alyce,https://www.crunchbase.com/organization/alyce-co,http://alyce.com,https://www.linkedin.com/company/alyce-co/
Elsa,https://www.crunchbase.com/organization/elsa,https://elsaspeak.com,https://www.linkedin.com/company/elsa-corp
Dataminr,https://www.crunchbase.com/organization/dataminr,http://www.dataminr.com,https://www.linkedin.com/company/dataminr
Carta Healthcare,https://www.crunchbase.com/organization/carta-healthcare,http://www.carta.healthcare,
Iterative.ai,https://www.crunchbase.com/organization/iterative-ai,https://iterative.ai,https://www.linkedin.com/company/iterative-ai
OctoML,https://www.crunchbase.com/organization/octoml,https://octoml.ai,https://www.linkedin.com/company/octoml
Ushur,https://www.crunchbase.com/organization/ushur-inc,https://ushur.com,https://www.linkedin.com/company/ushur-me
Leadspace,https://www.crunchbase.com/organization/leadspace,http://www.leadspace.com,https://www.linkedin.com/company/leadspacecdp/
Engine Biosciences,https://www.crunchbase.com/organization/engine-biosciences,http://www.enginebio.com,https://www.linkedin.com/company/6416170/
Unsupervised,https://www.crunchbase.com/organization/customer-science,https://unsupervised.com/,https://www.linkedin.com/company/unsupervisedai/
Streamlit,https://www.crunchbase.com/organization/streamlit,https://www.streamlit.io,https://www.linkedin.com/company/streamlit/
SiMa.ai,https://www.crunchbase.com/organization/sima-ai,https://sima.ai/,https://www.linkedin.com/company/sima-ai/about/
xCures,https://www.crunchbase.com/organization/xcures,https://www.xcures.com/,https://www.linkedin.com/company/xcures/
Blooma,https://www.crunchbase.com/organization/blooma,https://blooma.ai/,https://www.linkedin.com/company/blooma-ai/
SymphonyRM,https://www.crunchbase.com/organization/symphonyrm,https://www.symphonyrm.com/,https://www.linkedin.com/company/symphonyrm/
Coâ€“Star,https://www.crunchbase.com/organization/co-star,https://www.costarastrology.com,https://www.linkedin.com/company/costarastrology
Skycatch,https://www.crunchbase.com/organization/skycatch,https://www.skycatch.com,http://www.linkedin.com/company/skycatch
FLYR Labs,https://www.crunchbase.com/organization/flyr,http://flyrlabs.com,http://www.linkedin.com/company/flyrinc
Touchcast,https://www.crunchbase.com/organization/touchcast,http://www.touchcast.com,http://www.linkedin.com/company/touchcast
CloudMinds,https://www.crunchbase.com/organization/cloudminds,http://www.cloudminds.com/,https://www.linkedin.com/company/cloudminds-technologies
Tribal Credit,https://www.crunchbase.com/organization/tribalcredit,https://tribal.credit/,https://www.linkedin.com/company/tribal-credit/
Scale AI,https://www.crunchbase.com/organization/scale-2,https://scale.com,https://www.linkedin.com/company/scale-api/
Hi Marley,https://www.crunchbase.com/organization/marley,https://www.himarley.com/,https://www.linkedin.com/company/himarley
Mosaic.tech,https://www.crunchbase.com/organization/mosaic-tech,https://mosaic.tech,https://www.linkedin.com/company/mosaictech/
Boomitra,https://www.crunchbase.com/organization/conserwater-technologies,https://boomitra.com,https://www.linkedin.com/company/conserwater
Arturo,https://www.crunchbase.com/organization/arturo-inc,https://www.arturo.ai,https://www.linkedin.com/company/arturoai/
Flex Logix Technologies,https://www.crunchbase.com/organization/flex-logix-technologies,http://www.flex-logix.com/,https://www.linkedin.com/company/flex-logix-technologies-inc-
Pactum,https://www.crunchbase.com/organization/pactum-6283,https://www.pactum.com/,https://www.linkedin.com/company/pactumai/
Coiled,https://www.crunchbase.com/organization/coiled,https://coiled.io/,https://www.linkedin.com/company/coiled-computing
Verusen,https://www.crunchbase.com/organization/autit,https://verusen.com/,https://www.linkedin.com/company/verusen
TrustLayer,https://www.crunchbase.com/organization/trustlayer,https://trustlayer.io/,https://www.linkedin.com/company/trustlayer/
Docbot,https://www.crunchbase.com/organization/docbot,http://www.docbot.ai,https://www.linkedin.com/company/docbot-ai
Comet.ml,https://www.crunchbase.com/organization/comet-ml,http://www.comet.ml,https://www.linkedin.com/company/comet-ml/
Mainstay,https://www.crunchbase.com/organization/admithub,https://www.mainstay.com/,https://www.linkedin.com/company/9288295
Tradeswell,https://www.crunchbase.com/organization/tradeswell,https://www.tradeswell.com,https://www.linkedin.com/company/65710804/admin/
Chef Robotics,https://www.crunchbase.com/organization/chef-robotics,http://chefrobotics.ai/,https://www.linkedin.com/company/chef-robotics
Hyro,https://www.crunchbase.com/organization/airbud-technologies-inc,https://www.hyro.ai/,https://www.linkedin.com/company/hyroai/
75F,https://www.crunchbase.com/organization/75-fahrenheit,http://75f.io,http://www.linkedin.com/company/75-fahrenheit
RoboTire,https://www.crunchbase.com/organization/robotire,https://robotire.com,https://www.linkedin.com/company/robotire
Around,https://www.crunchbase.com/organization/around-teamport-inc,https://www.around.co,https://www.linkedin.com/company/around0000/
Tellius,https://www.crunchbase.com/organization/tellius,http://www.tellius.com,https://www.linkedin.com/company/tellius
Celential.ai,https://www.crunchbase.com/organization/celential-ai,https://www.celential.ai/,https://www.linkedin.com/company/celential/
Groundspeed Analytics,https://www.crunchbase.com/organization/groundspeed-analytics,http://groundspeed.com/,https://www.linkedin.com/company/groundspeed-llc/
CrowdAI,https://www.crunchbase.com/organization/crowdai,https://crowdai.com/,https://linkedin.com/companies/crowdai
Orbiit,https://www.crunchbase.com/organization/hoppin-fbb2,https://orbiit.ai,https://www.linkedin.com/company/orbiit
Anthropic,https://www.crunchbase.com/organization/anthropic,https://www.anthropic.com/,
CopyAI,https://www.crunchbase.com/organization/copyai,https://www.copy.ai/,https://www.linkedin.com/company/copyai
Refraction AI,https://www.crunchbase.com/organization/refraction-ai,http://refraction.ai,https://www.linkedin.com/company/refraction-ai
3DLOOK,https://www.crunchbase.com/organization/3dlook,https://www.3dlook.me,https://www.linkedin.com/company/3dlook/
Cape Privacy,https://www.crunchbase.com/organization/cape-privacy,https://capeprivacy.com/,https://www.linkedin.com/company/capeprivacy/
Infinitus Systems,https://www.crunchbase.com/organization/infinitusai,https://www.infinitus.ai,https://www.linkedin.com/company/infinitusai
Fuel50,https://www.crunchbase.com/organization/fuel50,https://fuel50.com,https://www.linkedin.com/company/fuel50/
Databricks,https://www.crunchbase.com/organization/databricks,https://databricks.com,https://www.linkedin.com/company/databricks/
Cyble,https://www.crunchbase.com/organization/cyble,https://cyble.com/,https://www.linkedin.com/company/cyble-australia/
Soft Robotics,https://www.crunchbase.com/organization/soft-robotics-inc-,http://www.softroboticsinc.com,https://www.linkedin.com/company/soft-robotics-inc-?trk=top_nav_home
Copysmith,https://www.crunchbase.com/organization/copysmith,http://copysmith.ai/,https://www.linkedin.com/company/copysmith/
Nana Academy,https://www.crunchbase.com/organization/nana-io,https://nanaacademy.org,
FarEye,https://www.crunchbase.com/organization/fareye-22,http://www.getfareye.com,https://www.linkedin.com/company/fareye
BoostUp.ai,https://www.crunchbase.com/organization/boostup-ai-sales-intelligence,https://boostup.ai/,https://www.linkedin.com/company/boostup-ai/
Aquarium,https://www.crunchbase.com/organization/aquarium,https://www.aquariumlearning.com/,https://www.linkedin.com/company/aquarium-learn
SmartHop,https://www.crunchbase.com/organization/smarthop,http://www.smarthop.co,https://www.linkedin.com/company/smarthop
Nimble Robotics,https://www.crunchbase.com/organization/qoowa,https://nimble.ai,https://www.linkedin.com/company/nimble-robotics/
Ambi Robotics,https://www.crunchbase.com/organization/ambidextrous,http://www.ambirobotics.com,https://www.linkedin.com/company/ambirobotics
Native,https://www.crunchbase.com/organization/native-3000,https://www.GoNative.ai,https://www.linkedin.com/company/native-agtech
ActZero.ai,https://www.crunchbase.com/organization/actzero-ai,http://www.actzero.ai,https://www.linkedin.com/company/actzero
LinearB,https://www.crunchbase.com/organization/linear-b,https://linearb.io,https://www.linkedin.com/company/linearb/
Metagenomi,https://www.crunchbase.com/organization/metagenomi,https://www.metagenomi.co/,https://www.linkedin.com/company/metagenomi/
GenesisAI,https://www.crunchbase.com/organization/genesisai,https://www.genesisai.io/,https://www.linkedin.com/company/genesisai/
Molecula,https://www.crunchbase.com/organization/molecula,https://www.molecula.com/,https://www.linkedin.com/company/molecula
"Specular Theory, Inc.",https://www.crunchbase.com/organization/specular-theory-inc,http://www.speculartheory.com,https://www.linkedin.com/company/specular-theory
Fetcher,https://www.crunchbase.com/organization/scout-technologies,http://fetcher.ai,https://www.linkedin.com/company/fetcherai/
Breinify,https://www.crunchbase.com/organization/breinify,https://www.breinify.ai,https://www.linkedin.com/company/breinify
Traptic,https://www.crunchbase.com/organization/traptic,https://www.traptic.com/,https://www.linkedin.com/company/18232837/
Anari AI,https://www.crunchbase.com/organization/anari-ai,http://anari.ai/,https://www.linkedin.com/company/anari-ai/
Virtualitics,https://www.crunchbase.com/organization/virtualitics,https://www.virtualitics.com/,https://www.linkedin.com/company/virtualitics-llc
Mosaic,https://www.crunchbase.com/organization/mosaic-app,https://www.mosaicapp.com,https://www.linkedin.com/company/mosaicnyc/
Canvas Construction,https://www.crunchbase.com/organization/canvas-construction,http://www.canvas.build,https://www.linkedin.com/company/we-are-canvas/
Ahura AI,https://www.crunchbase.com/organization/ahura-ai,https://www.ahuraai.com/,https://www.linkedin.com/company/ahura-a-i/
Butlr,https://www.crunchbase.com/organization/butlr-0e8d,https://www.butlr.io,https://www.linkedin.com/company/livebutlr
Lumiata,https://www.crunchbase.com/organization/lumiata,http://lumiata.com,http://www.linkedin.com/company/lumiata
Zeni,https://www.crunchbase.com/organization/zeni,https://www.zeni.ai/,https://www.linkedin.com/company/zeni-inc/
Instreamatic,https://www.crunchbase.com/organization/instreamatic,https://instreamatic.com,https://www.linkedin.com/company/instreamatic
Auditoria.AI,https://www.crunchbase.com/organization/auditoria,https://www.auditoria.ai,https://www.linkedin.com/company/auditoriaai
AllHere Education,https://www.crunchbase.com/organization/allhere-education,https://www.allhere.co,https://www.linkedin.com/company/allhere
Superb AI,https://www.crunchbase.com/organization/superb-ai,https://www.superb-ai.com,https://www.linkedin.com/company/superb-ai/
Ramon.Space,https://www.crunchbase.com/organization/ramon-space,https://www.ramon.space,https://www.linkedin.com/company/ramon-chips-ltd-/
Hayden AI,https://www.crunchbase.com/organization/hayden-technologies-331a,http://www.hayden.ai,https://www.linkedin.com/company/haydenaitech
Bryte,https://www.crunchbase.com/organization/bryte,https://bryte.com,https://www.linkedin.com/company/sleepbryte
Poised,https://www.crunchbase.com/organization/poised,https://www.poised.com/,https://www.linkedin.com/company/poisedapp/
Optimal Dynamics,https://www.crunchbase.com/organization/optimal-dynamics,http://www.optimaldynamics.com,https://www.linkedin.com/company/optimal-dynamics/
Gradient AI,https://www.crunchbase.com/organization/gradient-a-i,https://www.gradientai.com/,https://www.linkedin.com/company/gradientai/
Clovers,https://www.crunchbase.com/organization/clovers,https://clovers.ai,https://www.linkedin.com/company/clovers-ai
Kintsugi,https://www.crunchbase.com/organization/kintsugi,https://kintsugihello.com/,https://www.linkedin.com/company/kintsugihello/
Oqton,https://www.crunchbase.com/organization/oqton-inc,https://www.oqton.com,https://www.linkedin.com/company/oqton/
DeepScribe,https://www.crunchbase.com/organization/deepscribe,https://deepscribe.tech,https://www.linkedin.com/company/deepscribe
Grata,https://www.crunchbase.com/organization/grata-data,https://gratadata.com,https://www.linkedin.com/company/grata-data
Heru,https://www.crunchbase.com/organization/heru-inc,https://www.seeheru.com/,https://www.linkedin.com/company/64700047/admin/
Edge Case Research,https://www.crunchbase.com/organization/edge-case-research,https://www.edge-case-research.com/,https://www.linkedin.com/company/edge-case-research
Datatron,https://www.crunchbase.com/organization/datatron,https://www.datatron.com,https://www.linkedin.com/company/datatron-io/
Reverie Labs,https://www.crunchbase.com/organization/reverie-labs,https://www.reverielabs.com,https://www.linkedin.com/company/reverie-labs/
theator,https://www.crunchbase.com/organization/theator,https://www.theator.io/,https://www.linkedin.com/company/theator/
Price.com,https://www.crunchbase.com/organization/price-technologies,https://price.com,https://www.linkedin.com/company/price.com/
Tortuga AgTech,https://www.crunchbase.com/organization/tortuga-agtech,http://www.tortugaagtech.com,https://www.linkedin.com/company/tortuga-agtech/about/
Amira Learning,https://www.crunchbase.com/organization/amira-learning,https://www.amiralearning.com/,https://www.linkedin.com/company/amira-learning/
mIQroTech,https://www.crunchbase.com/organization/miqrotech,https://www.miqrotech.com/,https://www.linkedin.com/company/miqrotech/
"Wexus Technologies, Inc.",https://www.crunchbase.com/organization/wexus-technologies,http://www.wexusapp.com/,https://www.linkedin.com/company/6401084/
Roboflow,https://www.crunchbase.com/organization/roboflow,https://roboflow.com/,https://www.linkedin.com/company/roboflow-ai/
Kinta AI,https://www.crunchbase.com/organization/kinta-artificial-intelligence,http://www.kinta-ai.com,https://www.linkedin.com/company/kinta-ai/
Actuate,https://www.crunchbase.com/organization/aegis-ai,http://www.actuate.ai,https://www.linkedin.com/company/aegissystemsai
Agara,https://www.crunchbase.com/organization/agara-labs,https://www.agara.ai,https://www.linkedin.com/company/13346572/
BigHat Biosciences,https://www.crunchbase.com/organization/bighat-biosciences,http://www.bighatbio.com,https://www.linkedin.com/company/bighat-biosciences/
CytoVale,https://www.crunchbase.com/organization/cytovale,http://www.cytovale.com/,https://www.linkedin.com/company/cytovale
Fiddler AI,https://www.crunchbase.com/organization/fiddler-labs,https://www.fiddler.ai,https://www.linkedin.com/company/fiddler-ai/
Phaidra,https://www.crunchbase.com/organization/phaidra,https://www.phaidra.ai/,https://www.linkedin.com/company/phaidra-ai/
Visage,https://www.crunchbase.com/organization/visage-2,http://www.visage.jobs,https://www.linkedin.com/company/visage-dmcc
Luxonis,https://www.crunchbase.com/organization/luxonis,https://luxonis.com,https://www.linkedin.com/company/luxonis
Restor3d,https://www.crunchbase.com/organization/restor3d,http://www.restor3d.com,https://www.linkedin.com/company/restor3d
Plunk,https://www.crunchbase.com/organization/plunk-1950,https://www.getplunk.com,https://www.linkedin.com/company/getplunk
Artis Technologies,https://www.crunchbase.com/organization/artis-technologies,https://heyartis.com,https://www.linkedin.com/company/heyartis
CognitOps,https://www.crunchbase.com/organization/cognitops,https://cognitops.com/,https://www.linkedin.com/company/cognitops/
Synthesis AI,https://www.crunchbase.com/organization/synthesis-ai,http://synthesis.ai/,https://www.linkedin.com/company/synthesis-ai/about/
PowerX,https://www.crunchbase.com/organization/powerx,https://www.powerx.co/,https://www.linkedin.com/company/powerx
ViaBot,https://www.crunchbase.com/organization/viabot,http://www.viabot.com,https://www.linkedin.com/company/viabot
pulseData,https://www.crunchbase.com/organization/pulsedata,http://pulsedata.io,https://www.linkedin.com/company/pulsedata/
Tulu,https://www.crunchbase.com/organization/tulou,http://www.tulu.io,https://www.linkedin.com/company/tulou/
"Electra Vehicles, Inc.",https://www.crunchbase.com/organization/electra-vehicles,http://www.electravehicles.com/,https://www.linkedin.com/company/electra-vehicles-inc
SchooLinks,https://www.crunchbase.com/organization/schoolinks-inc,http://www.schoolinks.com,https://www.linkedin.com/company/schoolinks/
Cloud Metal,https://www.crunchbase.com/organization/cloud-metal,http://cldmtl.com,https://www.linkedin.com/company/cloud-metal
Loop,https://www.crunchbase.com/organization/loop-4521,https://www.loopinsure.co/,https://www.linkedin.com/company/ometry-risk-solutions/
Myota,https://www.crunchbase.com/organization/myota,https://myota.io/,https://www.linkedin.com/company/myota-inc
Voxie,https://www.crunchbase.com/organization/voxie-inc,https://www.voxie.com/,https://www.linkedin.com/company/voxiechat/
intenseye,https://www.crunchbase.com/organization/intenseye,https://intenseye.com,https://www.linkedin.com/company/intenseye/
Talla,https://www.crunchbase.com/organization/talla,http://talla.com/,https://www.linkedin.com/company/talla
Torch.AI,https://www.crunchbase.com/organization/torch-ai,https://torch.ai,https://www.linkedin.com/company/torchai/
Safehub,https://www.crunchbase.com/organization/safehub-9e6d,http://www.safehub.io,https://www.linkedin.com/company/safehub-inc/
Bunch,https://www.crunchbase.com/organization/bunch-ai,http://bunch.ai,https://www.linkedin.com/company/bunchai/
Pison,https://www.crunchbase.com/organization/pison,http://www.pison.com/,https://www.linkedin.com/company/pison-technology-inc/
EvaBot,https://www.crunchbase.com/organization/evabot-inc,https://www.evabot.ai/,
Era Software,https://www.crunchbase.com/organization/eradb,https://era.co,
1910 Genetics,https://www.crunchbase.com/organization/1910-genetics,http://www.1910genetics.com/,https://www.linkedin.com/company/1910genetics
Halla,https://www.crunchbase.com/organization/halla,https://www.halla.io,https://www.linkedin.com/company/halla-taste-intelligence
Allganize,https://www.crunchbase.com/organization/allganize,https://www.allganize.ai/,https://www.linkedin.com/company/allganize/
FINESSE,https://www.crunchbase.com/organization/finesse-05d4,https://www.finesse.us,https://www.linkedin.com/company/finesseus/
Alife,https://www.crunchbase.com/organization/alife-health,https://www.alifehealth.com,https://www.linkedin.com/company/alife-health
Bot MD,https://www.crunchbase.com/organization/botmd,https://www.botmd.io,https://www.linkedin.com/company/botmd
Yembo,https://www.crunchbase.com/organization/yembo,https://yembo.ai,https://www.linkedin.com/company/yembo
Botco.ai,https://www.crunchbase.com/organization/botco-ai,http://botco.ai/,https://www.linkedin.com/company/botco.ai
interviewIA,https://www.crunchbase.com/organization/interviewia,https://interviewia.com/,https://www.linkedin.com/company/interviewia/
PiiQ Media & Risk,https://www.crunchbase.com/organization/piiq-media,https://www.piiqmedia.com,https://www.linkedin.com/company/piiq-media
ZeroEyes,https://www.crunchbase.com/organization/zeroeyes,https://zeroeyes.com/,https://www.linkedin.com/company/zeroeyes-ai
retrain.ai,https://www.crunchbase.com/organization/retrain-ai,https://www.retrain.ai/,https://www.linkedin.com/company/53140527/
KingsCrowd,https://www.crunchbase.com/organization/kingscrowd,https://kingscrowd.com/,https://www.linkedin.com/company/kingscrowd
Scalarr,https://www.crunchbase.com/organization/scalarr,http://scalarr.io,https://www.linkedin.com/company/scalarr/
FundGuard,https://www.crunchbase.com/organization/fundguard,https://www.fundguard.com/,https://www.linkedin.com/company/fundguard/
SuperOps.ai,https://www.crunchbase.com/organization/superops-ai,http://superops.ai,https://www.linkedin.com/company/superops-ai/
Bedrock Ocean Exploration,https://www.crunchbase.com/organization/bedrock-53bc,https://bedrockocean.com/,https://www.linkedin.com/company/bedrockocean/about/?viewAsMember=true
Relimetrics,https://www.crunchbase.com/organization/relimetrics,https://www.relimetrics.com/,https://linkedin.com/company/relimetrics
K Health,https://www.crunchbase.com/organization/kang-health,http://www.khealth.ai,https://www.linkedin.com/company/k-health-inc
XP Health,https://www.crunchbase.com/organization/xp-health,http://xphealth.co,https://www.linkedin.com/company/xphealth/
Aromyx,https://www.crunchbase.com/organization/aromyx,http://www.aromyx.com,https://www.linkedin.com/company/aromyx-corporation?trk=top_nav_home
Emmersion,https://www.crunchbase.com/organization/emmersion-learning,https://emmersion.ai,https://www.linkedin.com/company/emmersion-ai
"Snorble, Inc.",https://www.crunchbase.com/organization/snorble-inc,https://snorble.com,https://www.linkedin.com/company/snorble
Evinced,https://www.crunchbase.com/organization/evinced,https://www.evinced.com,https://www.linkedin.com/company/evinced/
HealthTensor,https://www.crunchbase.com/organization/healthtensor,http://www.healthtensor.com,https://www.linkedin.com/company-beta/17900748/
Syllable,https://www.crunchbase.com/organization/syllable,https://syllable.ai,https://www.linkedin.com/company/syllableai
Latitude,https://www.crunchbase.com/organization/latitude-9172,https://latitude.io/,https://www.linkedin.com/company/latitude-games/
OtterTune,https://www.crunchbase.com/organization/ottertune,https://ottertune.com/,https://www.linkedin.com/company/ottertune
Empire,https://www.crunchbase.com/organization/empire-3f1f,https://getempire.com,https://www.linkedin.com/company/empireworkplace
Reduct,https://www.crunchbase.com/organization/reduct,https://reduct.video,
Counterpart,https://www.crunchbase.com/organization/counterpart-7676,https://www.yourcounterpart.com/,https://www.linkedin.com/company/yourcounterpart/
Expedock,https://www.crunchbase.com/organization/expedock,https://www.expedock.com/,https://www.linkedin.com/company/tul-ai
rct AI,https://www.crunchbase.com/organization/rct-ai,https://rct.ai/,https://www.linkedin.com/company/rct-ai
42Layers,https://www.crunchbase.com/organization/42layers,https://42Layers.io,
OxeFit,https://www.crunchbase.com/organization/oxefit,https://www.oxefit.com/,https://www.linkedin.com/company/oxefit
Personal AI by Human AI Labs,https://www.crunchbase.com/organization/personalai,https://personal.ai,https://www.linkedin.com/company/personalai
Home Lending Pal,https://www.crunchbase.com/organization/home-lending-pal,https://www.homelendingpal.com,https://www.linkedin.com/company/home-lending-pal/
Sosivio,https://www.crunchbase.com/organization/sosivio,https://sosiv.io/,https://www.linkedin.com/company/sosivio
Viam,https://www.crunchbase.com/organization/viam-5684,https://www.viam.com,https://www.linkedin.com/company/viaminc
Wallaroo,https://www.crunchbase.com/organization/sendence,http://www.wallaroo.ai,https://www.linkedin.com/company/5398024
InsightFinder,https://www.crunchbase.com/organization/insightfinder-inc,https://insightfinder.com,https://www.linkedin.com/company/insightfinder-inc.
"NarrativeWave, Inc.",https://www.crunchbase.com/organization/narrativewave-inc,http://www.narrativewave.com,https://www.linkedin.com/company/4814629/
Phiar Technologies,https://www.crunchbase.com/organization/phiar-technologies-inc,https://www.phiar.net,https://www.linkedin.com/company/11179272/
Language I/O,https://www.crunchbase.com/organization/language-i-o,http://languageio.com,https://www.linkedin.com/company/languageio/
DeepSee.ai,https://www.crunchbase.com/organization/deepsee-ai,https://deepsee.ai/,https://www.linkedin.com/company/deepsee/
"Tastry, Inc.",https://www.crunchbase.com/organization/tastry-inc,http://tastry.com/,
Ozette Technologies,https://www.crunchbase.com/organization/ozette-technologies,https://www.ozette.ai,https://www.linkedin.com/company/ozette
PLLAY Labs,https://www.crunchbase.com/organization/pllay-labs,http://www.pllay.me/,https://www.linkedin.com/company/pllaylabs/
AlphaICs,https://www.crunchbase.com/organization/alphaics-corporation,http://www.alphaics.ai,https://www.linkedin.com/company/10955114/
XGen,https://www.crunchbase.com/organization/xgen,https://www.xgen.ai/,https://www.linkedin.com/company/xgenesis/
Maple,https://www.crunchbase.com/organization/maple-93be,https://www.growmaple.com/,https://www.linkedin.com/company/growmaple/
Yobs,https://www.crunchbase.com/organization/yobs-technologies-inc,http://www.yobstech.com,https://www.linkedin.com/company/yobs-technologies
Darvis,https://www.crunchbase.com/organization/darvis-inc,https://www.darvis.com,https://www.linkedin.com/company/9237905
Shield AI,https://www.crunchbase.com/organization/shield-ai,http://www.shield.ai,https://www.linkedin.com/company/shield-ai/
Sturish,https://www.crunchbase.com/organization/sturish,https://www.sturish.com/,https://www.linkedin.com/company/sturish/
Ablacon,https://www.crunchbase.com/organization/ablacon,http://ablacon.com/,https://www.linkedin.com/company/ablacon/
TWOSENSE.AI,https://www.crunchbase.com/organization/twosense-inc,https://www.twosense.ai,https://www.linkedin.com/company/twosense.ai
Phood,https://www.crunchbase.com/organization/phood-7ae6,https://www.phoodsolutions.com,https://www.linkedin.com/company/phood-llc
PainQx,https://www.crunchbase.com/organization/painqx,http://www.painqx.com,https://www.linkedin.com/company/painqx
Alan AI,https://www.crunchbase.com/organization/alan,https://alan.app,https://www.linkedin.com/company/alanai
Artist Republik,https://www.crunchbase.com/organization/artist-republik,https://artistrepublik.com,https://www.linkedin.com/company/artist-republik/?trk=similar-pages_result-card_full-click&originalSubdomain=ph
Sesh,https://www.crunchbase.com/organization/sesh-9f12,https://www.gosesh.com,https://www.linkedin.com/company/goseshyourself/
Perceiver AI,https://www.crunchbase.com/organization/perceiver-ai,https://perceiver.ai,https://www.linkedin.com/company/perceiver
Zadar Labs,https://www.crunchbase.com/organization/zadar,https://www.zadarlabs.com/,https://www.linkedin.com/company/34738167/admin/
Kriptos,https://www.crunchbase.com/organization/kriptos,https://www.kriptos.io/,https://www.linkedin.com/company/kriptos/
AXON Networks,https://www.crunchbase.com/organization/axon-networks,https://www.axon-networks.com/,https://www.linkedin.com/company/axon-networks-inc/about/
Kleeen Software,https://www.crunchbase.com/organization/kleeen-software,https://kleeen.software,https://www.linkedin.com/company/kleeen-software/
Derq,https://www.crunchbase.com/organization/derq,http://en.derq.com,https://www.linkedin.com/company/derq
Apres,https://www.crunchbase.com/organization/apres-7af0,http://www.apres.io,https://www.linkedin.com/company/apresdotio/
Sift Healthcare,https://www.crunchbase.com/organization/sift-medical-data,https://www.sifthealthcare.com/,https://www.linkedin.com/company/sift-healthcare/
Corigine,https://www.crunchbase.com/organization/corigine,https://www.corigine.com/,
SambaNova Systems,https://www.crunchbase.com/organization/sambanova-systems,https://www.sambanovasystems.com,https://www.linkedin.com/company/sambanova-systems
NeuroVision Imaging,https://www.crunchbase.com/organization/neurovision-imaging,http://neurovision.com,
Clearstep,https://www.crunchbase.com/organization/clearstep,https://www.clearstep.health,https://www.linkedin.com/company/clearstep
Anno.Ai,https://www.crunchbase.com/organization/anno-ai,https://anno.ai/,https://www.linkedin.com/company/anno-ai
DigitalOwl,https://www.crunchbase.com/organization/digitalowl-e5e4,https://www.digitalowl.com/,https://www.linkedin.com/company/digitalowlai/
Docyt,https://www.crunchbase.com/organization/docyt,https://www.docyt.com,https://www.linkedin.com/company/docyt
Anthill AI,https://www.crunchbase.com/organization/anthill-ai,https://www.anthillai.com/,https://www.linkedin.com/company/anthill-ai/
Rejoy Health,https://www.crunchbase.com/organization/rejoyhealth,https://www.rejoyhealth.com/,https://www.linkedin.com/company/rejoyhealth/
"Thrio, Inc.",https://www.crunchbase.com/organization/thrio-inc,http://www.thrio.com,https://www.linkedin.com/company/thrio-inc/
Ayraa AI,https://www.crunchbase.com/organization/ayraa-ai,https://www.ayraa.ai,https://www.linkedin.com/company/ayraa/
Roviero,https://www.crunchbase.com/organization/roviero-inc,http://www.roviero.com,
Syrup Tech,https://www.crunchbase.com/organization/syrup-2837,https://syrup.tech,https://www.linkedin.com/company/syrup-tech
FiVerity,https://www.crunchbase.com/organization/FiVerity,https://fiverity.com/,https://www.linkedin.com/company/fiverity/
Everestlabs.AI,https://www.crunchbase.com/organization/everestlabs-ai,http://www.everestlabs.ai,https://www.linkedin.com/company/everestlabsai/
Bloomfield Robotics,https://www.crunchbase.com/organization/bloomfield-robotics,https://bloomfield.ai,https://www.linkedin.com/company/bloomfield-robotics/
EPICA,https://www.crunchbase.com/organization/epica,https://www.epica.ai/,https://www.linkedin.com/company/epica-ai/
Inorganic Intelligence,https://www.crunchbase.com/organization/inorganic-intelligence,https://inorganicintelligence.ai/,
Wonder Dynamics,https://www.crunchbase.com/organization/wonder-dynamics,https://www.wonderdynamics.com/,https://www.linkedin.com/company/wonder-dynamics
Perception Health,https://www.crunchbase.com/organization/perception-health,https://www.perceptionhealth.com,https://www.linkedin.com/company/perception-health/
Varuna,https://www.crunchbase.com/organization/varuna,https://www.varunaiot.com/,https://www.linkedin.com/company/varuna-tech/
Rebric,https://www.crunchbase.com/organization/rebric,http://rebric.io,https://www.linkedin.com/company/compliabletech/
Cognitive Space,https://www.crunchbase.com/organization/cognitive-space,https://cognitivespace.com,
Singularity.AI,https://www.crunchbase.com/organization/singularity-ai,http://www.singularity.ai/,https://www.linkedin.com/company/singularity-ai/
Vyrill,https://www.crunchbase.com/organization/vyrill,http://www.vyrill.com/,https://www.linkedin.com/company/vyrill-inc-
MutualMarkets,https://www.crunchbase.com/organization/mutualmarkets,https://www.mutualmarkets.net/,
Ruth Health,https://www.crunchbase.com/organization/ruth-health,https://www.ruthhealth.com/,https://www.linkedin.com/company/ruthhealth
NeuTrace,https://www.crunchbase.com/organization/neutrace,https://www.neutrace.com,https://www.linkedin.com/company/neutrace
Mendel.ai,https://www.crunchbase.com/organization/mendel-health,https://mendel.ai/,https://www.linkedin.com/company/mendel-ai/
Qualifi,https://www.crunchbase.com/organization/qualifi,https://qualifi.hr,https://www.linkedin.com/company/qualifihr/
Narrativa,https://www.crunchbase.com/organization/narrative-visualization,http://narrativa.com,https://www.linkedin.com/company/9329868
Respira Labs,https://www.crunchbase.com/organization/respira-labs,http://www.respiralabs.com/,https://www.linkedin.com/company/respiralabs
CatapultX,https://www.crunchbase.com/organization/catapult-b4fa,https://www.catapultx.com,http://www.linkedin.com/company/catapultx/
Bountiful,https://www.crunchbase.com/organization/bountiful,https://bountiful.ag/,https://www.linkedin.com/company/bountifulag/
Argoid,https://www.crunchbase.com/organization/argoid,https://argoid.ai/,https://www.linkedin.com/company/argoid
Oveit,https://www.crunchbase.com/organization/oveit,https://www.oveit.com,https://www.linkedin.com/company/10806287/
Metaverse AI,https://www.crunchbase.com/organization/vera-ai,https://www.vera-ai.com/,
Labelbox,https://www.crunchbase.com/organization/labelbox,https://labelbox.com,https://www.linkedin.com/company/labelbox
OpenSpace,https://www.crunchbase.com/organization/openspace-ai,http://openspace.ai/,https://www.linkedin.com/company/openspace.ai/
Cresta,https://www.crunchbase.com/organization/cresta,https://www.cresta.com/,https://www.linkedin.com/company/cresta-inc/
Whelp,https://www.crunchbase.com/organization/whelp,https://getwhelp.com,https://www.linkedin.com/company/whelp/
Globaleur,https://www.crunchbase.com/organization/globaleur,https://www.globaleur.com/,https://www.linkedin.com/company/18293820/
Riff Analytics,https://www.crunchbase.com/organization/riff-learning,https://www.riffanalytics.ai,https://www.linkedin.com/company/riff-analytics
"PRECILY, INC.",https://www.crunchbase.com/organization/precily-private-limited,http://precily.com,https://www.linkedin.com/company/precily/
Formotiv,https://www.crunchbase.com/organization/formotiv,http://formotiv.com,https://www.linkedin.com/company/formotiv
Jerry,https://www.crunchbase.com/organization/jerry-3,https://getjerry.com/,https://www.linkedin.com/company/jerryinc/
CARFIT,https://www.crunchbase.com/organization/carfit,http://www.car.fit,https://www.linkedin.com/company/carfit-corp./
"EarthSense, Inc.",https://www.crunchbase.com/organization/earthsense,https://www.earthsense.co,https://www.linkedin.com/company/earthsense-inc/
Allelica,https://www.crunchbase.com/organization/allelica,https://www.allelica.com/,https://www.linkedin.com/company/allelica/
Path Robotics,https://www.crunchbase.com/organization/path-robotics,http://www.path-robotics.com,https://www.linkedin.com/company/path-robotics
Pubinno,https://www.crunchbase.com/organization/pubinno,http://www.pubinno.com/,https://www.linkedin.com/company/pubinno
Full Speed Automation,https://www.crunchbase.com/organization/full-speed-automation,https://www.fsauto.ai,https://www.linkedin.com/company/fullspeedautomation
News Break,https://www.crunchbase.com/organization/news-break,http://www.newsbreak.com/about,https://www.linkedin.com/company/particle-media-inc-
UptimeAI,https://www.crunchbase.com/organization/uptimeai,https://www.uptimeai.com/,https://www.linkedin.com/company/uptimeai-inc/
Flaist,https://www.crunchbase.com/organization/flaist,https://www.flaist.com,https://www.linkedin.com/company/flaist/
InSync,https://www.crunchbase.com/organization/insync-c17a,https://www.insync.ai/,https://www.linkedin.com/company/insyncai/about/
Kalendar AI,https://www.crunchbase.com/organization/kriya-ai,https://kalendar.ai,
VocaliD,https://www.crunchbase.com/organization/vocalid,https://vocalid.ai,https://www.linkedin.com/company/vocalid
Disruptel,https://www.crunchbase.com/organization/disruptel-inc,https://www.disruptel.com,https://www.linkedin.com/company/disruptel/
Clarigent Health,https://www.crunchbase.com/organization/clarigent-health,https://clarigenthealth.com/,https://www.linkedin.com/company/clarigent-health/
Paige,https://www.crunchbase.com/organization/paige-ai,https://www.paige.ai,https://www.linkedin.com/company/paige-ai
Simporter,https://www.crunchbase.com/organization/simporter,https://www.simporter.com/,https://www.linkedin.com/company/simporter/
Jabord,https://www.crunchbase.com/organization/jabord-inc,http://www.jabord.com,https://www.linkedin.com/company/jabord-inc.
GoodJob Software,https://www.crunchbase.com/organization/goodjob-8d20,https://www.goodjob.io,https://www.linkedin.com/company/thegoodjobteam
Keydabra,https://www.crunchbase.com/organization/keydabra,http://www.keydabra.com,https://www.linkedin.com/company/keydabra
Altis,https://www.crunchbase.com/organization/altis-movement-technologies-inc,https://altis.ai,https://www.linkedin.com/company/altis-movement-technologies
"Shotzr, Inc.",https://www.crunchbase.com/organization/shotzr,https://www.shotzr.com/,https://www.linkedin.com/company/shotzr/
Applied XL,https://www.crunchbase.com/organization/applied-xl,https://www.appliedxl.com/,https://www.linkedin.com/company/appliedxl/
Spherical Defense,https://www.crunchbase.com/organization/spherical-defence-labs,http://sphericaldefense.com,https://www.linkedin.com/company/spherical-defence-labs-llc/
Emoshape Inc.,https://www.crunchbase.com/organization/emoshape,http://www.emoshape.com,https://www.linkedin.com/company-beta/2613142/
Verijet,https://www.crunchbase.com/organization/verijet,https://verijet.net/,
Analyttica Datalab Inc.,https://www.crunchbase.com/organization/analyttica,https://www.analyttica.com/,https://www.linkedin.com/company/analyttica-datalab-pvt-ltd-/
Soap Health,https://www.crunchbase.com/organization/soap-health,https://soap.health/,https://www.linkedin.com/company/geneyes/
Advocat AI,https://www.crunchbase.com/organization/advocat,https://advocat.ai/,https://www.linkedin.com/company/advocat-technologies
Compose.AI,https://www.crunchbase.com/organization/compose-ai,http://www.compose.ai/,https://www.linkedin.com/company/compose-ai
Junction AI,https://www.crunchbase.com/organization/junction-ai,https://www.junction.ai/,https://www.linkedin.com/company/junctionai/
HEXANIKA,https://www.crunchbase.com/organization/hexanika,http://www.hexanika.com,http://www.linkedin.com/company/hexanika
Basil Systems,https://www.crunchbase.com/organization/basil-systems-inc,https://www.basilsystems.com,
MetaSpark,https://www.crunchbase.com/organization/metaspark,https://metaspark.io,https://www.linkedin.com/company/metaspark-corporation/
Nextera Robotics,https://www.crunchbase.com/organization/nextera-workforce,https://nexterarobotics.com/,
Clearbrief,https://www.crunchbase.com/organization/clearbrief-ai,https://clearbrief.ai,https://www.linkedin.com/company/clearbrief
Lawfully,https://www.crunchbase.com/organization/lawfully,https://www.lawfully.com/,https://www.linkedin.com/company/lawfully
Agency MVP,https://www.crunchbase.com/organization/agency-mvp,https://www.agencymvp.com/,https://www.linkedin.com/company/agency-mvp
"Modality.AI, Inc",https://www.crunchbase.com/organization/modality-ai,https://hello.modality.ai/home,https://www.linkedin.com/company/modality-ai/
KinoTek,https://www.crunchbase.com/organization/kinotek,https://kinoteksoftware.com/,https://www.linkedin.com/company/kinoteksoftware
RazorMetrics,https://www.crunchbase.com/organization/razormetrics,https://razormetrics.com/,https://www.linkedin.com/company/razormetrics/about/
Helios Data,https://www.crunchbase.com/organization/helios-data,https://www.heliosdata.com,https://www.linkedin.com/company/helios-data-inc/about/
Diffgram,https://www.crunchbase.com/organization/diffgram,https://diffgram.com/,https://www.linkedin.com/company/diffgram
Gatik,https://www.crunchbase.com/organization/gatik-ai,http://www.gatik.ai/,https://www.linkedin.com/company/gatik_ai/
Hedgedesk,https://www.crunchbase.com/organization/hedgedesk,https://www.thehedgedesk.com,https://www.linkedin.com/company/hedgedesk/
"Gradient Health, Inc",https://www.crunchbase.com/organization/gradient-health-inc,https://gradienthealth.ai,
Vivun,https://www.crunchbase.com/organization/vivun-inc,https://www.vivun.com,https://www.linkedin.com/company/vivun/
WealthBlock,https://www.crunchbase.com/organization/wealthblock,https://wealthblock.ai,https://www.linkedin.com/company/wealthblock
Pandemic Insights,https://www.crunchbase.com/organization/pandemic-insights,https://www.pandemic-insights.com/,
Moodbit,https://www.crunchbase.com/organization/moodbit,http://www.mymoodbit.com,https://www.linkedin.com/company/moodbit/
Stargazr,https://www.crunchbase.com/organization/stargazr,https://stargazr.ai/,https://www.linkedin.com/company/stargazr/
MuukTest,https://www.crunchbase.com/organization/muuktest,https://muuktest.com/,https://www.linkedin.com/company/muuktest/
EdgeTheory,https://www.crunchbase.com/organization/edge-theory,https://edgetheory.com,https://www.linkedin.com/company/edgetheory
InterGen Data,https://www.crunchbase.com/organization/intergen-data,http://www.intergendata.com/,https://www.linkedin.com/company/intergen-data-inc/?originalSubdomain=in
Pipeline Equity,https://www.crunchbase.com/organization/pipeline-4,https://www.pipelineequity.com/,https://www.linkedin.com/company/pipeline-equity/
Dieta Health,https://www.crunchbase.com/organization/dieta,https://www.dietahealth.com/,https://www.linkedin.com/company/35577003
Uptime.ai,https://www.crunchbase.com/organization/eyepiece,http://www.uptime.ai,https://www.linkedin.com/company/uptimeai/
Venuelytics,https://www.crunchbase.com/organization/venuelytics,http://www.venuelytics.com,https://www.linkedin.com/company/venuelytics/
Crosschq,https://www.crunchbase.com/organization/crosschq,https://crosschq.com/,https://www.linkedin.com/company/crosschq
3Analytics,https://www.crunchbase.com/organization/3analytics,https://www.3analytics.com,https://www.linkedin.com/company/3analytics
Clear Child Psychology,https://www.crunchbase.com/organization/clear-child-psychology,https://clearchildpsychology.com/,https://www.linkedin.com/company/clearchildpsychology/
Ocean Freight Exchange,https://www.crunchbase.com/organization/ocean-freight-exchange,https://www.theofe.com,https://www.linkedin.com/company/10274297
"Inference Analytics, Inc.",https://www.crunchbase.com/organization/inference-analytics-inc,http://www.inferenceanalytics.com,https://www.linkedin.com/company/inference-analytics-inc./?viewAsMember=true
Liftians,https://www.crunchbase.com/organization/liftians,http://www.liftians.com,https://www.linkedin.com/company/12957794/
outloud.ai,https://www.crunchbase.com/organization/outloud-ai,https://outloud.ai/,https://www.linkedin.com/company/outloud-ai/
Granular.ai,https://www.crunchbase.com/organization/granular-6747,https://granular.ai,https://www.linkedin.com/company/granular-ai/
GOGO Band,https://www.crunchbase.com/organization/gogo-band,https://mygogoband.com/,
Teknoir,https://www.crunchbase.com/organization/teknoir,https://www.teknoir.ai/,https://www.linkedin.com/company/teknoir/
MixPose,https://www.crunchbase.com/organization/mixpose,https://mixpose.com,https://www.linkedin.com/company/mixpose
PatternAI,https://www.crunchbase.com/organization/patternai,http://www.patternai.co,https://www.linkedin.com/company/37273887
Aquaai,https://www.crunchbase.com/organization/aquaai,http://aquaai.com/,https://www.linkedin.com/company/aquaai-corp/
Defynance,https://www.crunchbase.com/organization/defynance,https://defynance.com,https://www.linkedin.com/company/defynance
TactileAI,https://www.crunchbase.com/organization/tactileai,http://www.tactileai.io,https://www.linkedin.com/company/tactileai/
FlexTal,https://www.crunchbase.com/organization/flextal,https://flextal.work,https://www.linkedin.com/company/flextal/about/
BALANCED Media Technology,https://www.crunchbase.com/organization/balanced-media-technology,http://www.balancedmediatechnology.com/,https://www.linkedin.com/company/balancedmt/
"SpIntellx, Inc.",https://www.crunchbase.com/organization/spintellx,https://www.spintellx.com/,https://www.linkedin.com/company/spintellx/
Envisionard,https://www.crunchbase.com/organization/envisionard,http://www.envisionard.com,https://www.linkedin.com/company/27044051
Atom,https://www.crunchbase.com/organization/atom-chat,https://atomchat.io/,https://www.linkedin.com/company/atomchat
Bodha.AI,https://www.crunchbase.com/organization/bodha-inc,https://bodha.ai,https://www.linkedin.com/company/bodha-inc/about/
OfColor,https://www.crunchbase.com/organization/ofcolor,http://www.ofcolor.com,https://www.linkedin.com/company/ofcolor
Red Mountain Scientific,https://www.crunchbase.com/organization/red-mountain-scientific,http://www.redmountainscientific.com/,https://www.linkedin.com/company/red-mountain-scientific/
Sibel Health,https://www.crunchbase.com/organization/sibel-health,https://www.sibelhealth.com,https://www.linkedin.com/company/sibel-health
Paper Crane,https://www.crunchbase.com/organization/paper-crane,https://papercrane.io/,https://www.linkedin.com/company/papercrane-io/about/
xiris,https://www.crunchbase.com/organization/xiris,https://xiris.ai,https://www.linkedin.com/company/xirisai
ORBAI,https://www.crunchbase.com/organization/orbai,https://www.orbai.ai/,https://www.linkedin.com/company/orbai/
evrmore,https://www.crunchbase.com/organization/evrmore,https://www.evrmore.io,https://www.linkedin.com/company/evrmore
Camdog Inc,https://www.crunchbase.com/organization/camdog-inc,https://camdog.ai,https://linkedin.com/company/camdog
Neuroscience Software,https://www.crunchbase.com/organization/neuroscience-software,http://neuroscience.software,https://www.linkedin.com/company/neurosciencesoftware/
SenseLoaf,https://www.crunchbase.com/organization/senseloaf,https://senseloaf.com/,https://www.linkedin.com/company/senseloaf/
FÃªtefully,https://www.crunchbase.com/organization/fÃªtefully,https://www.fetefully.com,
Secret Chord Laboratories,https://www.crunchbase.com/organization/secret-chord-laboratories,https://www.secretchordlaboratories.com/,https://www.linkedin.com/company/secret-chord-laboratories/
Quantivly,https://www.crunchbase.com/organization/quantivly,https://www.quantivly.com,https://www.linkedin.com/company/quantivly
Banjo Health,https://www.crunchbase.com/organization/banjo-health,http://www.banjohealth.com,https://www.linkedin.com/company/banjo-health/
nyfty.ai,https://www.crunchbase.com/organization/nyfty-ai,https://nyfty.ai,https://www.linkedin.com/company/nyfty-ai/
Turing,https://www.crunchbase.com/organization/turing-video,http://www.turingvideo.com/,https://www.linkedin.com/company/turingvideo/
RYLTI,https://www.crunchbase.com/organization/rylti,https://www.rylti.com/,https://www.linkedin.com/company/rylti-llc/
Malamute,https://www.crunchbase.com/organization/malamute,http://malamute.us/,https://www.linkedin.com/company/malamute/
Marketing Artificial Intelligence Institute,https://www.crunchbase.com/organization/marketing-artificial-intelligence-institute,https://www.marketingaiinstitute.com/,https://www.linkedin.com/company/mktgai/
Ennoventure,https://www.crunchbase.com/organization/ennoventure,https://www.ennoventure.com,https://www.linkedin.com/company/ennoventure
Twelve Labs,https://www.crunchbase.com/organization/twelve-labs-62b5,http://twelvelabs.io/,https://www.linkedin.com/company/twelvelabs/
ePOP AI,https://www.crunchbase.com/organization/epop-ai,https://epoppay.com/,https://www.linkedin.com/company/epop-ai/
Oxys,https://www.crunchbase.com/organization/oxys,http://www.oxyscorp.com,https://www.linkedin.com/company/iiot-oxys
Rocketmat,https://www.crunchbase.com/organization/rocketmat-ai,http://rocketmat.com/,https://www.linkedin.com/company/rocketmat/
Predictive Trading Systems,https://www.crunchbase.com/organization/predictive-trading-systems,https://www.predictivetradingsystems.com/,https://www.linkedin.com/company/predictive-trading-systems/
"Kassa Trade, Inc.",https://www.crunchbase.com/organization/kassa-trade,https://kassatrade.com,https://www.linkedin.com/company/kassatrade
Iris Light Technologies,https://www.crunchbase.com/organization/iris-light-technologies,https://www.irislighttech.com/,https://www.linkedin.com/company/iris-light-tech
Geolumina,https://www.crunchbase.com/organization/geolumina,https://www.geolumina.ai/,https://www.linkedin.com/company/geolumina/
EyeGage,https://www.crunchbase.com/organization/eyegage,https://eyegage.com/,https://www.linkedin.com/company/eyegage
Sensai Analytics,https://www.crunchbase.com/organization/sensai-analytics,https://www.sensai-analytics.com/,
OTO Systems,https://www.crunchbase.com/organization/oto-systems-inc,https://www.oto.ai/,https://www.linkedin.com/company/oto-systems-inc/
LeanFM Technologies,https://www.crunchbase.com/organization/leanfm-technologies,http://www.leanfmtech.com/#aboutus,https://www.linkedin.com/company/leanfm-technologies-llc/about/
3ontessori,https://www.crunchbase.com/organization/3ontessori,https://3ontessori.com,
VirtuousAI,https://www.crunchbase.com/organization/virtuousai,https://virtuousai.com,https://www.linkedin.com/company/virtuousai/
Tasq,https://www.crunchbase.com/organization/tasq,https://www.tasqinc.com,https://www.linkedin.com/company/tasqinc
SAIRA,https://www.crunchbase.com/organization/saira,https://asksaira.com/,https://www.linkedin.com/company/asksaira/
Neatleaf,https://www.crunchbase.com/organization/neatleaf,https://neatleaf.com,https://www.linkedin.com/company/neatleaf
Vannevar Labs,https://www.crunchbase.com/organization/vannevar-labs,https://www.vannevarlabs.com/,
KineticAI,https://www.crunchbase.com/organization/kineticai,https://www.kineticai.com,https://linkedin.com/company/kineticai
Alectio,https://www.crunchbase.com/organization/alectio,https://www.alectio.com,https://www.linkedin.com/company/alectio
Pickle,https://www.crunchbase.com/organization/pickle-a7e4,https://pickleai.com,https://www.linkedin.com/company/pickleai/
Hyfe,https://www.crunchbase.com/organization/hyfe,https://www.hyfe.ai/,https://www.linkedin.com/company/hyfe
Tint.ai,https://www.crunchbase.com/organization/tint-ai,https://www.tint.ai,https://www.linkedin.com/company/11444940/
Skylark Labs,https://www.crunchbase.com/organization/skylark-labs,https://skylarklabs.ai/,https://www.linkedin.com/company/1skylark-labs
PureSkill.gg,https://www.crunchbase.com/organization/fps-critic-llc,http://pureskill.gg/,https://www.linkedin.com/company/fps-critic-inc
Datrics,https://www.crunchbase.com/organization/datrics,https://datrics.ai/,https://www.linkedin.com/company/51600421/
AccurKardia,https://www.crunchbase.com/organization/accurkardia,https://www.accurkardia.com/,https://www.linkedin.com/company/accurkardia/
The Good Face Project,https://www.crunchbase.com/organization/the-good-face-project,https://thegoodfaceproject.com/,https://www.linkedin.com/company/the-good-face-project/
Boomy,https://www.crunchbase.com/organization/boomy,https://boomy.com,https://www.linkedin.com/company/boomy-corporation
LiveArt Holdings,https://www.crunchbase.com/organization/liveart-holdings,https://liveart.company/,https://www.linkedin.com/company/liveartholdings/
Qulab,https://www.crunchbase.com/organization/qulab,http://www.qulab.com/,
eBanqo,https://www.crunchbase.com/organization/ebanqo,https://www.ebanqo.com/,https://www.linkedin.com/company/ebanqo/
Dashlabs.ai,https://www.crunchbase.com/organization/dashlabs-ai,https://dashlabs.ai,https://www.linkedin.com/company/dashlabsai
edgetensor technologies,https://www.crunchbase.com/organization/edgetensor-technologies,http://edgetensor.com,https://www.linkedin.com/company/edgetensor/
Rose,https://www.crunchbase.com/organization/rose-d953,https://www.askrose.com/,https://www.linkedin.com/company/popcare/about/
Pitbit.ai,https://www.crunchbase.com/organization/pitbit-ai,https://pibit.ai/,https://www.linkedin.com/company/pibitai/
Scrypt,https://www.crunchbase.com/organization/scrypt-0d9e,https://scrypt.ai,https://www.linkedin.com/company/scrypt-ai/
CerebrumX,https://www.crunchbase.com/organization/cerebrumx,http://cerebrumx.ai/,https://www.linkedin.com/company/cerebrumx/
Preamble,https://www.crunchbase.com/organization/preamble,https://www.preamble.com/,https://www.linkedin.com/company/preambleai/
Akooda,https://www.crunchbase.com/organization/akooda,https://www.akooda.co/,https://www.linkedin.com/company/akooda/
Nostra,https://www.crunchbase.com/organization/nostra-608c,https://www.nostra.ai/,https://www.linkedin.com/company/nostraai/
Samurai Labs,https://www.crunchbase.com/organization/samurai-labs,http://samurailabs.ai,https://www.linkedin.com/company/samurai-labs/
AdaViv,https://www.crunchbase.com/organization/adaviv,https://www.adaviv.com/,https://www.linkedin.com/company/adavivinc/
Rippleworx,https://www.crunchbase.com/organization/rippleworx,https://www.rippleworx.com,https://www.linkedin.com/company/11461945
Socian Technologies,https://www.crunchbase.com/organization/socian-technologies,https://socian.io/,
Celly.AI,https://www.crunchbase.com/organization/celly-ai,https://celly.ai/,https://www.linkedin.com/company/celly-ai/
dialoggBox,https://www.crunchbase.com/organization/dialoggbox,https://dialoggbox.com,https://linkedin.com/company/dialoggbox
Listing Bird,https://www.crunchbase.com/organization/listing-bird-inc,https://listingbird.com/#,https://www.linkedin.com/company/listing-bird/
Smile,https://www.crunchbase.com/organization/smile-ba26,https://www.smiledatingapp.com/,https://www.linkedin.com/company/smile-technologies-corporation
EMBER Medical,https://www.crunchbase.com/organization/ember-medical-inc,https://www.embermed.com,https://www.linkedin.com/company/embermedical/
Usage AI,https://www.crunchbase.com/organization/usage-ai,https://www.usage.ai/,https://www.linkedin.com/company/usage-ai/
Avalo,https://www.crunchbase.com/organization/avalo,https://www.avalo.ai,https://www.linkedin.com/company/avalo-inc
Fashmates,https://www.crunchbase.com/organization/instacraze,,
Ace The Text,https://www.crunchbase.com/organization/ace-the-text,http://www.acethetext.com,https://www.linkedin.com/company/acethetext
RxDiet,https://www.crunchbase.com/organization/rxdiet,https://rx-diet.com,
Neuronix AI Labs,https://www.crunchbase.com/organization/neuronix-ai,,https://www.linkedin.com/company/neuronixai/about
Flukebox,https://www.crunchbase.com/organization/flukebox,https://flukebox.com,https://linkedin.com/company/flukebox
Laxis,https://www.crunchbase.com/organization/laxis,https://laxis.tech/,https://www.linkedin.com/company/laxis-tech
TeamLift,https://www.crunchbase.com/organization/teamlift,https://www.teamlift.co/,https://www.linkedin.com/company/teamlift1/
Dowork.ai,https://www.crunchbase.com/organization/dowork-ai,https://dowork.ai/,https://www.linkedin.com/company/dowork-ai/
Nwicode,https://www.crunchbase.com/organization/nwicode,https://nwicode.com/,https://www.linkedin.com/company/nwicode/
Budget Collector,https://www.crunchbase.com/organization/budget-collector,https://www.budgetcollector.org,https://www.linkedin.com/company/49163138/
U.S. Consumer Healthcare Advocacy Group,https://www.crunchbase.com/organization/u-s-consumer-health-care-advocacy-group,https://www.uschag.com,https://www.linkedin.com/company/united-states-consumer-healthcare-advocacy-group/about
Bodify.io,https://www.crunchbase.com/organization/bodify-io,https://www.bodify.io/,https://www.linkedin.com/company/bodify-io/
DIMA,https://www.crunchbase.com/organization/dima-667c,http://dima.website/,
Enterpret,https://www.crunchbase.com/organization/enterpret,https://www.enterpret.com,https://www.linkedin.com/company/enterpret
Vitrina AI,https://www.crunchbase.com/organization/vitrina-ai,https://www.vitrina.ai,https://www.linkedin.com/company/vitrina-ai
Maxwell Labs,https://www.crunchbase.com/organization/maxwell-labs,https://www.maxwell-labs.com/,https://www.linkedin.com/company/maxwell-labs-inc/about/
